{
   "OWT1": {
      "Band1": 0.029453968950838943,
      "Band2": 0.04891433514372519,
      "Band3": 0.11212160249608547,
      "Band4": 0.05262007066068948,
      "Band5": 0.16475407348157756,
      "Band6": 0.28721762888201774,
      "Band7": 0.30491832038506567
   },
   "OWT2": {
      "Band1": 0.10603539172546034,
      "Band2": 0.179424806927847,
      "Band3": 0.33919755054621287,
      "Band4": 0.16082161092333205,
      "Band5": 0.13862574513630554,
      "Band6": 0.037515174951869124,
      "Band7": 0.03837971978897307
   },
   "OWT3": {
      "Band1": 0.21874036735321653,
      "Band2": 0.29785518211874856,
      "Band3": 0.33610354032242856,
      "Band4": 0.07193348513062,
      "Band5": 0.04445584238305662,
      "Band6": 0.015129921933659326,
      "Band7": 0.015781660758270352
   },
   "OWT4": {
      "Band1": 0.08061231580182746,
      "Band2": 0.1464039956977228,
      "Band3": 0.29123148749247196,
      "Band4": 0.1962171760992044,
      "Band5": 0.19033774237342763,
      "Band6": 0.047706584395225925,
      "Band7": 0.0474906981401198
   },
   "OWT5": {
      "Band1": 0.09841662925087848,
      "Band2": 0.12323254127221449,
      "Band3": 0.17426486448375136,
      "Band4": 0.18048626298239914,
      "Band5": 0.18519639136218052,
      "Band6": 0.12088683444671608,
      "Band7": 0.11751647620185995
   },
   "OWT6": {
      "Band1": 0.07054506216838155,
      "Band2": 0.12839838575883936,
      "Band3": 0.2882907200570871,
      "Band4": 0.15495633060544461,
      "Band5": 0.2240854383561063,
      "Band6": 0.06806819055472804,
      "Band7": 0.06565587249941311
   },
   "OWT7": {
      "Band1": 0.044725391284481164,
      "Band2": 0.06937033242424208,
      "Band3": 0.16589426397899654,
      "Band4": 0.08533063587163703,
      "Band5": 0.2748125805582108,
      "Band6": 0.17992712111058637,
      "Band7": 0.17993967477184608
   },
   "OWT8": {
      "Band1": 0.05754043539753355,
      "Band2": 0.09978383292023423,
      "Band3": 0.2332213086004707,
      "Band4": 0.1320458931663692,
      "Band5": 0.2614155340186032,
      "Band6": 0.10776034575680644,
      "Band7": 0.10823265013998272
   },
   "OWT9": {
      "Band1": 0.15250889350349348,
      "Band2": 0.22494596523738042,
      "Band3": 0.34832374334987515,
      "Band4": 0.12164382269857796,
      "Band5": 0.09001336953881181,
      "Band6": 0.02987873682263174,
      "Band7": 0.03268546884922942
   },
   "OWT10": {
      "Band1": 0.05679849075054226,
      "Band2": 0.04834873397096495,
      "Band3": 0.10663802798253338,
      "Band4": 0.22147851364063356,
      "Band5": 0.2721970126950602,
      "Band6": 0.1362090091055845,
      "Band7": 0.1583302118546812
   },
   "OWT11": {
      "Band1": 0.05589755935639065,
      "Band2": 0.10393296965516707,
      "Band3": 0.21727618518700778,
      "Band4": 0.23010875905691786,
      "Band5": 0.23994333955948094,
      "Band6": 0.07527421490625884,
      "Band7": 0.07756697227877678
   },
   "OWT12": {
      "Band1": 0.10943482854349587,
      "Band2": 0.15010516628485704,
      "Band3": 0.2412465387324616,
      "Band4": 0.16738084282163648,
      "Band5": 0.17877365318091076,
      "Band6": 0.07690735356194664,
      "Band7": 0.0761516168746915
   },
   "OWT13": {
      "Band1": 0.5113425602164394,
      "Band2": 0.3440491733493938,
      "Band3": 0.10553306599775934,
      "Band4": 0.013624524326132722,
      "Band5": 0.009064658438149539,
      "Band6": 0.006820591538521004,
      "Band7": 0.009565426133604274
   }
}