{
   "OWT1": {
      "Band2": 0.0503987792220929,
      "Band3": 0.11552425017377271,
      "Band4": 0.05421697578198031,
      "Band5": 0.16975400260354293,
      "Band6": 0.29593406154217666,
      "Band7": 0.31417193067643445
   },
   "OWT2": {
      "Band2": 0.2007068347752141,
      "Band3": 0.37943062556011625,
      "Band4": 0.17989706688023963,
      "Band5": 0.15506849359939437,
      "Band6": 0.041964944254647814,
      "Band7": 0.0429320349303879
   },
   "OWT3": {
      "Band2": 0.3812499323812016,
      "Band3": 0.43020722724885097,
      "Band4": 0.09207372571768593,
      "Band5": 0.05690277665114642,
      "Band6": 0.019366061295656038,
      "Band7": 0.0202002767054591
   },
   "OWT4": {
      "Band2": 0.1592407623182449,
      "Band3": 0.31676679217914944,
      "Band4": 0.21342158424748933,
      "Band5": 0.20702663919130837,
      "Band6": 0.051889518660272645,
      "Band7": 0.05165470340353532
   },
   "OWT5": {
      "Band2": 0.13668457656868838,
      "Band3": 0.1932875762104568,
      "Band4": 0.2001881011097553,
      "Band5": 0.20541238599853684,
      "Band6": 0.13408281293639185,
      "Band7": 0.13034454717617078
   },
   "OWT6": {
      "Band2": 0.13814374482574454,
      "Band3": 0.31017180965185676,
      "Band4": 0.1667174214674157,
      "Band5": 0.24109338627958526,
      "Band6": 0.07323452464896084,
      "Band7": 0.07063911312643695
   },
   "OWT7": {
      "Band2": 0.0726182102940209,
      "Band3": 0.17366133514431126,
      "Band4": 0.08932576569409112,
      "Band5": 0.287679142783591,
      "Band6": 0.18835120233387123,
      "Band7": 0.18836434375011446
   },
   "OWT8": {
      "Band2": 0.10587598308509233,
      "Band3": 0.24746028090748323,
      "Band4": 0.14010775435449768,
      "Band5": 0.2773758618799411,
      "Band6": 0.11433948978199424,
      "Band7": 0.11484062999099141
   },
   "OWT9": {
      "Band2": 0.26542575315898925,
      "Band3": 0.4110057800958304,
      "Band4": 0.1435340403764808,
      "Band5": 0.1062115800966023,
      "Band6": 0.035255516658044016,
      "Band7": 0.03856732961405318
   },
   "OWT10": {
      "Band2": 0.051260238132398585,
      "Band3": 0.11305964519436512,
      "Band4": 0.23481569046350728,
      "Band5": 0.28858839815858434,
      "Band6": 0.14441135618407916,
      "Band7": 0.16786467186706555
   },
   "OWT11": {
      "Band2": 0.11008653847384862,
      "Band3": 0.23014047611071448,
      "Band4": 0.2437328293527651,
      "Band5": 0.2541496867605891,
      "Band6": 0.07973098221729333,
      "Band7": 0.08215948708478941
   },
   "OWT12": {
      "Band2": 0.1685504566042737,
      "Band3": 0.27089150402985895,
      "Band4": 0.1879490105680733,
      "Band5": 0.2007417973560874,
      "Band6": 0.08635791745164027,
      "Band7": 0.08550931399006638
   },
   "OWT13": {
      "Band2": 0.7040702654640484,
      "Band3": 0.21596533155108158,
      "Band4": 0.027881544855159448,
      "Band5": 0.018550128781758685,
      "Band6": 0.013957817856087538,
      "Band7": 0.019574911491864435
   }
}